{
  "best_epoch": 1,
  "stopped_early": false,
  "epochs_completed": 1,
  "model_type": "true_linear_regression",
  "optimizer": null,
  "prediction_objective": "point",
  "quantiles": [
    0.1,
    0.5,
    0.9
  ],
  "linear_include_ticker_fixed_effects": true,
  "linear_fit_intercept": true,
  "linear_quantile_alpha": 0.0001,
  "linear_feature_mode": "summary",
  "linear_quantile_max_train_rows": 3000,
  "val_mae": 2.5310168266296387,
  "test_mae": 3.3252367973327637,
  "test_rmse": 4.448243141174316,
  "interval_80_coverage": null,
  "interval_80_width": null,
  "val_baselines": {
    "baseline_persistence": {
      "mae": 0.7696989411123227,
      "rmse": 1.5357696577032756,
      "count": 917
    },
    "baseline_seasonal_naive": {
      "mae": 0.9455745136314068,
      "rmse": 1.8104717628961753,
      "count": 917
    },
    "baseline_trailing_mean": {
      "mae": 0.717350979825518,
      "rmse": 1.2735962258996343,
      "count": 917
    },
    "baseline_trend": {
      "mae": 1.0404810288985824,
      "rmse": 2.1506733560641798,
      "count": 917
    },
    "baseline_sector_peer_median": {
      "mae": 1.2435145305730337,
      "rmse": 1.9902207736456816,
      "count": 917
    }
  },
  "test_baselines": {
    "baseline_persistence": {
      "mae": 1.0121477603960396,
      "rmse": 3.046201428800631,
      "count": 1010
    },
    "baseline_seasonal_naive": {
      "mae": 0.9544088331503842,
      "rmse": 1.9447455868380907,
      "count": 911
    },
    "baseline_trailing_mean": {
      "mae": 0.9363296797029703,
      "rmse": 2.7321646193918894,
      "count": 1010
    },
    "baseline_trend": {
      "mae": 1.2898285602345416,
      "rmse": 4.076959092311218,
      "count": 938
    },
    "baseline_sector_peer_median": {
      "mae": 1.7529271284153825,
      "rmse": 4.551818901586642,
      "count": 1040
    }
  },
  "selected_val_baseline": "baseline_trailing_mean",
  "selected_val_baseline_mae": 0.717350979825518,
  "num_train": 5024,
  "num_val": 917,
  "num_test": 1046
}