{
  "best_epoch": 11,
  "stopped_early": true,
  "epochs_completed": 23,
  "model_type": "transformer",
  "optimizer": "adamw",
  "val_mae": 0.6903491249799522,
  "test_mae": 1.4043662548065186,
  "test_rmse": 5.464382171630859,
  "val_baseline": {
    "mae": 0.8185329878472223,
    "rmse": 1.6744030046555,
    "count": 576
  },
  "test_baseline": {
    "mae": 1.15760892,
    "rmse": 3.8610169958947482,
    "count": 550
  }
}