{
  "best_epoch": 1,
  "stopped_early": false,
  "epochs_completed": 1,
  "model_type": "true_linear_quantile_regression",
  "optimizer": null,
  "prediction_objective": "quantile",
  "quantiles": [
    0.1,
    0.5,
    0.9
  ],
  "linear_include_ticker_fixed_effects": false,
  "linear_fit_intercept": true,
  "linear_quantile_alpha": 0.01,
  "linear_feature_mode": "summary",
  "linear_quantile_max_train_rows": 2000,
  "val_mae": 0.5327239036560059,
  "test_mae": 0.5774480700492859,
  "test_rmse": 1.1537590026855469,
  "interval_80_coverage": 0.325,
  "interval_80_width": 0.47872352665290235,
  "val_baselines": {
    "baseline_persistence": {
      "mae": 0.7144683827160493,
      "rmse": 1.0180572761842608,
      "count": 81
    },
    "baseline_seasonal_naive": {
      "mae": 0.5794145555555554,
      "rmse": 0.8173992088443204,
      "count": 81
    },
    "baseline_trailing_mean": {
      "mae": 0.5888259351851851,
      "rmse": 0.8263190175679053,
      "count": 81
    },
    "baseline_trend": {
      "mae": 0.9831324074074074,
      "rmse": 1.4363826072055255,
      "count": 81
    },
    "baseline_sector_peer_median": {
      "mae": 1.509793691741096,
      "rmse": 1.8185737132110065,
      "count": 81
    }
  },
  "test_baselines": {
    "baseline_persistence": {
      "mae": 0.699074164556962,
      "rmse": 1.2822908092514136,
      "count": 79
    },
    "baseline_seasonal_naive": {
      "mae": 0.4619576184210527,
      "rmse": 0.9623315016179729,
      "count": 76
    },
    "baseline_trailing_mean": {
      "mae": 0.5270606898734175,
      "rmse": 0.9540040921022236,
      "count": 79
    },
    "baseline_trend": {
      "mae": 1.0456962987012988,
      "rmse": 1.8388552456215936,
      "count": 77
    },
    "baseline_sector_peer_median": {
      "mae": 1.6342498562732222,
      "rmse": 1.8907759844138738,
      "count": 80
    }
  },
  "selected_val_baseline": "baseline_seasonal_naive",
  "selected_val_baseline_mae": 0.5794145555555554,
  "num_train": 496,
  "num_val": 81,
  "num_test": 80
}