{
  "best_epoch": 3,
  "stopped_early": true,
  "epochs_completed": 15,
  "model_type": "lstm",
  "optimizer": "adamw",
  "prediction_objective": "point",
  "quantiles": [
    0.1,
    0.5,
    0.9
  ],
  "val_mae": 0.7118588365041293,
  "test_mae": 0.8352368474006653,
  "test_rmse": 1.408495306968689,
  "interval_80_coverage": null,
  "interval_80_width": null,
  "val_baselines": {
    "baseline_persistence": {
      "mae": 0.8194498534798534,
      "rmse": 1.6119999678959216,
      "count": 819
    },
    "baseline_seasonal_naive": {
      "mae": 0.997748673992674,
      "rmse": 1.8964769091784894,
      "count": 819
    },
    "baseline_trailing_mean": {
      "mae": 0.7566708067765568,
      "rmse": 1.3311881470554714,
      "count": 819
    },
    "baseline_trend": {
      "mae": 1.1106838876678877,
      "rmse": 2.26115698283537,
      "count": 819
    },
    "baseline_sector_peer_median": {
      "mae": 1.3064885711474512,
      "rmse": 2.077038472732249,
      "count": 819
    }
  },
  "test_baselines": {
    "baseline_persistence": {
      "mae": 0.8621295447513811,
      "rmse": 1.6115944831764364,
      "count": 905
    },
    "baseline_seasonal_naive": {
      "mae": 0.8820972760736195,
      "rmse": 1.594838945849829,
      "count": 815
    },
    "baseline_trailing_mean": {
      "mae": 0.7797474418968692,
      "rmse": 1.3600043353349156,
      "count": 905
    },
    "baseline_trend": {
      "mae": 1.1534925780691299,
      "rmse": 2.1438808253428654,
      "count": 839
    },
    "baseline_sector_peer_median": {
      "mae": 1.4940269539676305,
      "rmse": 2.179282629928762,
      "count": 932
    }
  },
  "selected_val_baseline": "baseline_trailing_mean",
  "selected_val_baseline_mae": 0.7566708067765568,
  "num_train": 4617,
  "num_val": 819,
  "num_test": 938
}