{
  "sequence_feature_columns": [
    "return_1d",
    "return_5d",
    "return_20d",
    "return_60d",
    "volatility_20d",
    "volatility_60d",
    "close_to_sma20",
    "close_to_sma60",
    "close_to_sma200",
    "high_low_range",
    "open_close_gap",
    "volume_z20",
    "volume_z60"
  ],
  "static_feature_columns": [
    "prev_eps_1",
    "prev_eps_2",
    "prev_eps_3",
    "prev_eps_4",
    "prev_eps_mean_4",
    "prev_eps_std_4",
    "prev_eps_growth_last",
    "days_since_last_eps",
    "quarter_sin",
    "quarter_cos"
  ],
  "sequence_mean": [
    0.0012930926168337464,
    0.006510792300105095,
    0.026027321815490723,
    0.08058027923107147,
    0.02340809442102909,
    0.02431219071149826,
    0.009902235120534897,
    0.03134977072477341,
    0.10375423729419708,
    0.030867189168930054,
    0.0004019414191134274,
    -0.024971874430775642,
    -0.033895913511514664
  ],
  "sequence_std": [
    0.027070799842476845,
    0.06023693457245827,
    0.12035077065229416,
    0.219899520277977,
    0.013951202854514122,
    0.012759322300553322,
    0.06565919518470764,
    0.11823254823684692,
    0.23222261667251587,
    0.021997258067131042,
    0.023035550490021706,
    1.046713948249817,
    1.048710823059082
  ],
  "static_mean": [
    0.18822644650936127,
    0.17977608740329742,
    0.1744849979877472,
    0.1722838282585144,
    0.17774122953414917,
    0.057860683649778366,
    0.009137347340583801,
    111.11152648925781,
    -0.09259258955717087,
    0.04814814776182175
  ],
  "static_std": [
    0.26298245787620544,
    0.25425276160240173,
    0.25044164061546326,
    0.23837368190288544,
    0.2204035371541977,
    0.10622497648000717,
    0.21152345836162567,
    65.99933624267578,
    0.7166931629180908,
    0.6895360350608826
  ]
}