{
  "best_epoch": 1,
  "stopped_early": false,
  "epochs_completed": 1,
  "model_type": "true_linear_quantile_regression",
  "optimizer": null,
  "prediction_objective": "quantile",
  "quantiles": [
    0.1,
    0.5,
    0.9
  ],
  "linear_include_ticker_fixed_effects": false,
  "linear_fit_intercept": true,
  "linear_quantile_alpha": 0.01,
  "linear_feature_mode": "summary",
  "linear_quantile_max_train_rows": 2000,
  "val_mae": 0.7262277603149414,
  "test_mae": 0.8180093169212341,
  "test_rmse": 1.4808632135391235,
  "interval_80_coverage": 0.5756929637526652,
  "interval_80_width": 1.305980069435704,
  "val_baselines": {
    "baseline_persistence": {
      "mae": 0.8194498534798534,
      "rmse": 1.6119999678959216,
      "count": 819
    },
    "baseline_seasonal_naive": {
      "mae": 0.997748673992674,
      "rmse": 1.8964769091784894,
      "count": 819
    },
    "baseline_trailing_mean": {
      "mae": 0.7566708067765568,
      "rmse": 1.3311881470554714,
      "count": 819
    },
    "baseline_trend": {
      "mae": 1.1106838876678877,
      "rmse": 2.26115698283537,
      "count": 819
    },
    "baseline_sector_peer_median": {
      "mae": 1.3064885711474512,
      "rmse": 2.077038472732249,
      "count": 819
    }
  },
  "test_baselines": {
    "baseline_persistence": {
      "mae": 0.8621295447513811,
      "rmse": 1.6115944831764364,
      "count": 905
    },
    "baseline_seasonal_naive": {
      "mae": 0.8820972760736195,
      "rmse": 1.594838945849829,
      "count": 815
    },
    "baseline_trailing_mean": {
      "mae": 0.7797474418968692,
      "rmse": 1.3600043353349156,
      "count": 905
    },
    "baseline_trend": {
      "mae": 1.1534925780691299,
      "rmse": 2.1438808253428654,
      "count": 839
    },
    "baseline_sector_peer_median": {
      "mae": 1.4940269539676305,
      "rmse": 2.179282629928762,
      "count": 932
    }
  },
  "selected_val_baseline": "baseline_trailing_mean",
  "selected_val_baseline_mae": 0.7566708067765568,
  "num_train": 4617,
  "num_val": 819,
  "num_test": 938
}