{
  "best_epoch": 8,
  "stopped_early": true,
  "epochs_completed": 20,
  "model_type": "transformer",
  "optimizer": "adamw",
  "val_mae": 0.6884992584042872,
  "test_mae": 1.4249217510223389,
  "test_rmse": 5.412328720092773,
  "val_baseline": {
    "mae": 0.8185329878472223,
    "rmse": 1.6744030046555,
    "count": 576
  },
  "test_baseline": {
    "mae": 1.15760892,
    "rmse": 3.8610169958947482,
    "count": 550
  }
}