{
  "best_epoch": 6,
  "stopped_early": true,
  "epochs_completed": 18,
  "model_type": "transformer",
  "optimizer": "adamw",
  "val_mae": 0.8424904352696291,
  "test_mae": 1.7719398736953735,
  "test_rmse": 5.4842987060546875,
  "val_baseline": {
    "mae": 0.8185086224137931,
    "rmse": 1.6710977411475176,
    "count": 580
  },
  "test_baseline": {
    "mae": 1.1644935009041593,
    "rmse": 3.859692698610822,
    "count": 553
  }
}