{
  "sequence_feature_columns": [
    "return_1d",
    "return_5d",
    "return_20d",
    "return_60d",
    "volatility_20d",
    "volatility_60d",
    "close_to_sma20",
    "close_to_sma60",
    "close_to_sma200",
    "high_low_range",
    "open_close_gap",
    "volume_z20",
    "volume_z60"
  ],
  "static_feature_columns": [
    "prev_eps_1",
    "prev_eps_2",
    "prev_eps_3",
    "prev_eps_4",
    "prev_eps_mean_4",
    "prev_eps_std_4",
    "prev_eps_growth_last",
    "days_since_last_eps",
    "quarter_sin",
    "quarter_cos"
  ],
  "sequence_mean": [
    0.000874194607604295,
    0.004322764463722706,
    0.017087358981370926,
    0.0523919053375721,
    0.019240496680140495,
    0.019798463210463524,
    0.006505429744720459,
    0.020477930083870888,
    0.06930463016033173,
    0.025753429159522057,
    0.00041333542321808636,
    -0.014687035232782364,
    -0.012780053541064262
  ],
  "sequence_std": [
    0.022738700732588768,
    0.04983969405293465,
    0.09812501072883606,
    0.18081137537956238,
    0.012307606637477875,
    0.011466436088085175,
    0.05364689230918884,
    0.09613433480262756,
    0.186270609498024,
    0.01968855783343315,
    0.019583549350500107,
    1.0391417741775513,
    1.045287013053894
  ],
  "static_mean": [
    0.5850957036018372,
    0.5741057991981506,
    0.5633482336997986,
    0.5616369843482971,
    0.5663198828697205,
    0.1846555918455124,
    0.01416423637419939,
    112.45681762695312,
    0.1508934497833252,
    -0.007941760122776031
  ],
  "static_std": [
    0.9293860197067261,
    0.9217818379402161,
    0.9015858173370361,
    0.8310919404029846,
    0.7667238116264343,
    0.4197557270526886,
    0.7677399516105652,
    52.228580474853516,
    0.6490885019302368,
    0.7455655932426453
  ]
}