{
  "best_epoch": 7,
  "stopped_early": true,
  "epochs_completed": 19,
  "model_type": "transformer",
  "optimizer": "adamw",
  "val_mae": 0.45102700995233225,
  "test_mae": 0.3331283628940582,
  "test_rmse": 0.4856387674808502,
  "val_baseline": {
    "mae": 0.5015317306273063,
    "rmse": 0.9988242603187523,
    "count": 271
  },
  "test_baseline": {
    "mae": 0.3622679619771863,
    "rmse": 0.545511562896184,
    "count": 263
  }
}