{
  "best_epoch": 2,
  "stopped_early": false,
  "epochs_completed": 2,
  "val_mae": 0.8383033408418946,
  "test_mae": 1.7096744775772095,
  "test_rmse": 1.986937165260315,
  "val_baseline": {
    "mae": 0.2576086956521739,
    "rmse": 0.35583948506375,
    "count": 46
  },
  "test_baseline": {
    "mae": 0.49605,
    "rmse": 0.7629530129699993,
    "count": 40
  }
}