{
  "mode": "per_sector",
  "prediction_objective": "quantile",
  "quantiles": [
    0.1,
    0.5,
    0.9
  ],
  "model_type": "true_linear_baseline",
  "test_mae": 0.9840697050094604,
  "test_rmse": 2.9566025733947754,
  "interval_80_coverage": 0.49904397705544934,
  "interval_80_width": 1.0552728337228625,
  "test_count": 1046,
  "num_sector_models": 9,
  "test_baselines": {
    "baseline_persistence": {
      "mae": 1.0121477638563405,
      "rmse": 3.046201440614422,
      "count": 1010
    },
    "baseline_seasonal_naive": {
      "mae": 0.9544088345989202,
      "rmse": 1.9447456014494597,
      "count": 911
    },
    "baseline_trailing_mean": {
      "mae": 0.9363296766731735,
      "rmse": 2.7321646574269614,
      "count": 1010
    },
    "baseline_trend": {
      "mae": 1.289828566243256,
      "rmse": 4.076959090789353,
      "count": 938
    },
    "baseline_sector_peer_median": {
      "mae": 1.7529271353340636,
      "rmse": 4.551818959101212,
      "count": 1040
    }
  },
  "val_baseline_selection_by_sector": {
    "Communication Services": {
      "name": "baseline_trailing_mean",
      "mae": 0.479435903125,
      "metrics": {
        "baseline_persistence": {
          "mae": 0.491850425,
          "rmse": 0.8113749313626993,
          "count": 80
        },
        "baseline_seasonal_naive": {
          "mae": 0.6178576,
          "rmse": 0.9894268856897916,
          "count": 80
        },
        "baseline_trailing_mean": {
          "mae": 0.479435903125,
          "rmse": 0.7027505663173295,
          "count": 80
        },
        "baseline_trend": {
          "mae": 0.59351339375,
          "rmse": 0.984643530724592,
          "count": 80
        },
        "baseline_sector_peer_median": {
          "mae": 1.0009557003705263,
          "rmse": 1.3160161124957566,
          "count": 80
        }
      }
    },
    "Consumer Cyclical": {
      "name": "baseline_trailing_mean",
      "mae": 0.4903693230088496,
      "metrics": {
        "baseline_persistence": {
          "mae": 0.5857649380530974,
          "rmse": 0.8909857803561355,
          "count": 113
        },
        "baseline_seasonal_naive": {
          "mae": 0.5044092389380531,
          "rmse": 0.7293387651196809,
          "count": 113
        },
        "baseline_trailing_mean": {
          "mae": 0.4903693230088496,
          "rmse": 0.7281852917196394,
          "count": 113
        },
        "baseline_trend": {
          "mae": 0.7959157035398229,
          "rmse": 1.2527880141781917,
          "count": 113
        },
        "baseline_sector_peer_median": {
          "mae": 1.1153412698772187,
          "rmse": 1.502701972659138,
          "count": 113
        }
      }
    },
    "Consumer Defensive": {
      "name": "baseline_trailing_mean",
      "mae": 0.5129638406250001,
      "metrics": {
        "baseline_persistence": {
          "mae": 0.61685295,
          "rmse": 1.0277939784009003,
          "count": 80
        },
        "baseline_seasonal_naive": {
          "mae": 0.6097705250000001,
          "rmse": 1.077185358616566,
          "count": 80
        },
        "baseline_trailing_mean": {
          "mae": 0.5129638406250001,
          "rmse": 0.8517511784392011,
          "count": 80
        },
        "baseline_trend": {
          "mae": 0.8485180937500001,
          "rmse": 1.3401148266809395,
          "count": 80
        },
        "baseline_sector_peer_median": {
          "mae": 0.8741884527732848,
          "rmse": 1.2166602724461613,
          "count": 80
        }
      }
    },
    "Financial Services": {
      "name": "baseline_persistence",
      "mae": 0.6252266527777778,
      "metrics": {
        "baseline_persistence": {
          "mae": 0.6252266527777778,
          "rmse": 1.1326953410935658,
          "count": 144
        },
        "baseline_seasonal_naive": {
          "mae": 1.3431370138888887,
          "rmse": 2.667729743419838,
          "count": 144
        },
        "baseline_trailing_mean": {
          "mae": 0.8821709114583332,
          "rmse": 1.6672547195884786,
          "count": 144
        },
        "baseline_trend": {
          "mae": 0.7972554826388889,
          "rmse": 1.350993409022651,
          "count": 144
        },
        "baseline_sector_peer_median": {
          "mae": 1.5523782594668465,
          "rmse": 2.987243249796829,
          "count": 144
        }
      }
    },
    "Healthcare": {
      "name": "baseline_trailing_mean",
      "mae": 0.6222814908088234,
      "metrics": {
        "baseline_persistence": {
          "mae": 0.7039000073529412,
          "rmse": 1.1134725970708543,
          "count": 136
        },
        "baseline_seasonal_naive": {
          "mae": 0.8333869264705882,
          "rmse": 1.2813569807123482,
          "count": 136
        },
        "baseline_trailing_mean": {
          "mae": 0.6222814908088234,
          "rmse": 0.951234468865967,
          "count": 136
        },
        "baseline_trend": {
          "mae": 0.9638024044117648,
          "rmse": 1.503643206988076,
          "count": 136
        },
        "baseline_sector_peer_median": {
          "mae": 1.1580956063297358,
          "rmse": 1.7103790934623315,
          "count": 136
        }
      }
    },
    "Industrials": {
      "name": "baseline_trailing_mean",
      "mae": 1.1994062500000002,
      "metrics": {
        "baseline_persistence": {
          "mae": 1.717125,
          "rmse": 3.4351843109213225,
          "count": 80
        },
        "baseline_seasonal_naive": {
          "mae": 1.7121249999999997,
          "rmse": 2.9480470230306706,
          "count": 80
        },
        "baseline_trailing_mean": {
          "mae": 1.1994062500000002,
          "rmse": 2.1101760330894197,
          "count": 80
        },
        "baseline_trend": {
          "mae": 2.5486250000000004,
          "rmse": 5.281683562085105,
          "count": 80
        },
        "baseline_sector_peer_median": {
          "mae": 2.2381249935887753,
          "rmse": 2.948909119908251,
          "count": 80
        }
      }
    },
    "OTHER": {
      "name": "baseline_trailing_mean",
      "mae": 1.632348484848485,
      "metrics": {
        "baseline_persistence": {
          "mae": 1.8666666666666665,
          "rmse": 2.9003343589902517,
          "count": 33
        },
        "baseline_seasonal_naive": {
          "mae": 2.1351515151515152,
          "rmse": 2.9630410259076942,
          "count": 33
        },
        "baseline_trailing_mean": {
          "mae": 1.632348484848485,
          "rmse": 2.2958343782651753,
          "count": 33
        },
        "baseline_trend": {
          "mae": 2.3686363636363637,
          "rmse": 3.6828306595154037,
          "count": 33
        },
        "baseline_sector_peer_median": {
          "mae": 1.7330303060737524,
          "rmse": 2.625545258788476,
          "count": 33
        }
      }
    },
    "Technology": {
      "name": "baseline_persistence",
      "mae": 0.6616030660377359,
      "metrics": {
        "baseline_persistence": {
          "mae": 0.6616030660377359,
          "rmse": 1.2477282139537547,
          "count": 212
        },
        "baseline_seasonal_naive": {
          "mae": 0.841197641509434,
          "rmse": 1.5633511923075336,
          "count": 212
        },
        "baseline_trailing_mean": {
          "mae": 0.6725955778301886,
          "rmse": 1.1055971310956136,
          "count": 212
        },
        "baseline_trend": {
          "mae": 0.8892512971698113,
          "rmse": 1.6003216039982298,
          "count": 212
        },
        "baseline_sector_peer_median": {
          "mae": 1.0246259449903694,
          "rmse": 1.5126473669635108,
          "count": 212
        }
      }
    },
    "Utilities": {
      "name": "baseline_trailing_mean",
      "mae": 0.48548664102564104,
      "metrics": {
        "baseline_persistence": {
          "mae": 0.6649572307692306,
          "rmse": 0.8900717329946518,