{
  "sequence_feature_columns": [
    "return_1d",
    "return_5d",
    "return_20d",
    "return_60d",
    "volatility_20d",
    "volatility_60d",
    "close_to_sma20",
    "close_to_sma60",
    "close_to_sma200",
    "high_low_range",
    "open_close_gap",
    "volume_z20",
    "volume_z60",
    "momentum_20",
    "momentum_60",
    "momentum_120",
    "rsi_14",
    "rsi_28",
    "macd_line",
    "macd_signal",
    "macd_hist",
    "bollinger_pos_20"
  ],
  "static_feature_columns": [
    "prev_eps_1",
    "prev_eps_2",
    "prev_eps_3",
    "prev_eps_4",
    "prev_eps_mean_4",
    "prev_eps_std_4",
    "prev_eps_growth_last",
    "prev_eps_yoy_change",
    "days_since_last_eps",
    "quarter_sin",
    "quarter_cos"
  ],
  "sequence_mean": [
    0.0008618489373475313,
    0.004258325789123774,
    0.01682056486606598,
    0.05157037451863289,
    0.019215622916817665,
    0.019770123064517975,
    0.006387599743902683,
    0.020113129168748856,
    0.06835728883743286,
    0.025732234120368958,
    0.000412891706218943,
    -0.01483799796551466,
    -0.012958128936588764,
    0.01682056486606598,
    0.05157037451863289,
    0.1066441610455513,
    53.205745697021484,
    53.127716064453125,
    0.09962237626314163,
    0.09947158396244049,
    0.00015098799485713243,
    0.5542597770690918
  ],
  "sequence_std": [
    0.022721506655216217,
    0.04975974187254906,
    0.09784509241580963,
    0.17978665232658386,
    0.012314224615693092,
    0.01146677229553461,
    0.05353041738271713,
    0.09576249867677689,
    0.18532590568065643,
    0.01969463936984539,
    0.01956685073673725,
    1.0391746759414673,
    1.0453743934631348,
    0.09784509241580963,
    0.17978665232658386,
    0.2848120331764221,
    16.45488929748535,
    11.782265663146973,
    0.635244607925415,
    0.5966129302978516,
    0.19221045076847076,
    0.3216038644313812
  ],
  "static_mean": [
    0.5831360220909119,
    0.5724855661392212,
    0.5619245767593384,
    0.5602131485939026,
    0.5649212598800659,
    0.1824866682291031,
    0.013641828671097755,
    0.03295820578932762,
    112.47290802001953,
    0.1513531506061554,
    -0.008018710650503635
  ],
  "static_std": [
    0.9184224605560303,
    0.9104049801826477,
    0.8897107243537903,
    0.817488968372345,
    0.7561903595924377,
    0.41498029232025146,
    0.7589835524559021,
    0.7600082159042358,
    52.294822692871094,
    0.6489447951316833,
    0.7455918788909912
  ]
}