{
  "best_epoch": 1,
  "stopped_early": false,
  "epochs_completed": 1,
  "model_type": "true_linear_regression",
  "optimizer": null,
  "prediction_objective": "point",
  "quantiles": [
    0.1,
    0.5,
    0.9
  ],
  "linear_include_ticker_fixed_effects": true,
  "linear_fit_intercept": true,
  "linear_quantile_alpha": 0.0001,
  "linear_feature_mode": "summary",
  "linear_quantile_max_train_rows": 3000,
  "val_mae": 2.7756636142730713,
  "test_mae": 3.166851758956909,
  "test_rmse": 3.7415688037872314,
  "interval_80_coverage": null,
  "interval_80_width": null,
  "val_baselines": {
    "baseline_persistence": {
      "mae": 0.6649572307692306,
      "rmse": 0.8900717329946518,
      "count": 39
    },
    "baseline_seasonal_naive": {
      "mae": 0.49659187179487174,
      "rmse": 0.7719136439680448,
      "count": 39
    },
    "baseline_trailing_mean": {
      "mae": 0.48548664102564104,
      "rmse": 0.6661667202399246,
      "count": 39
    },
    "baseline_trend": {
      "mae": 0.829792782051282,
      "rmse": 1.1364395256558264,
      "count": 39
    },
    "baseline_sector_peer_median": {
      "mae": 0.7629117189301826,
      "rmse": 0.8619353259075255,
      "count": 39
    }
  },
  "test_baselines": {
    "baseline_persistence": {
      "mae": 0.4776973529411764,
      "rmse": 0.6354080731615568,
      "count": 34
    },
    "baseline_seasonal_naive": {
      "mae": 0.34278564705882353,
      "rmse": 0.5119866859001315,
      "count": 34
    },
    "baseline_trailing_mean": {
      "mae": 0.3777439264705883,
      "rmse": 0.47863994018499345,
      "count": 34
    },
    "baseline_trend": {
      "mae": 0.6576792058823531,
      "rmse": 0.8889342038345613,
      "count": 34
    },
    "baseline_sector_peer_median": {
      "mae": 0.5347159998275252,
      "rmse": 0.6344027119989137,
      "count": 34
    }
  },
  "selected_val_baseline": "baseline_trailing_mean",
  "selected_val_baseline_mae": 0.48548664102564104,
  "num_train": 289,
  "num_val": 39,
  "num_test": 34
}