{
  "best_epoch": 14,
  "stopped_early": true,
  "epochs_completed": 26,
  "model_type": "transformer",
  "optimizer": "adamw",
  "val_mae": 0.6954062661477204,
  "test_mae": 1.3652170896530151,
  "test_rmse": 5.398496627807617,
  "val_baseline": {
    "mae": 0.8185086224137931,
    "rmse": 1.6710977411475176,
    "count": 580
  },
  "test_baseline": {
    "mae": 1.1644935009041593,
    "rmse": 3.859692698610822,
    "count": 553
  }
}