{
  "best_epoch": 12,
  "stopped_early": true,
  "epochs_completed": 24,
  "model_type": "transformer",
  "optimizer": "adamw",
  "val_mae": 0.6962484176167183,
  "test_mae": 1.0962902307510376,
  "test_rmse": 3.6696598529815674,
  "val_baseline": {
    "mae": 0.8185329878472223,
    "rmse": 1.6744030046555,
    "count": 576
  },
  "test_baseline": {
    "mae": 1.15760892,
    "rmse": 3.8610169958947482,
    "count": 550
  }
}