{
  "best_epoch": 1,
  "val_mae": 0.30722831189632416,
  "test_mae": 0.7383676767349243,
  "test_rmse": 0.9475703239440918,
  "val_baseline": {
    "mae": 0.2576086956521739,
    "rmse": 0.35583948506375,
    "count": 46
  },
  "test_baseline": {
    "mae": 0.49605,
    "rmse": 0.7629530129699993,
    "count": 40
  }
}