{
  "best_epoch": 18,
  "stopped_early": true,
  "epochs_completed": 30,
  "val_mae": 0.6862986275027024,
  "test_mae": 1.343424916267395,
  "test_rmse": 5.391472339630127,
  "val_baseline": {
    "mae": 0.8185086224137931,
    "rmse": 1.6710977411475176,
    "count": 580
  },
  "test_baseline": {
    "mae": 1.1644935009041593,
    "rmse": 3.859692698610822,
    "count": 553
  }
}