{
  "sequence_feature_columns": [
    "return_1d",
    "return_5d",
    "return_20d",
    "return_60d",
    "volatility_20d",
    "volatility_60d",
    "close_to_sma20",
    "close_to_sma60",
    "close_to_sma200",
    "high_low_range",
    "open_close_gap",
    "volume_z20",
    "volume_z60",
    "momentum_20",
    "momentum_60",
    "momentum_120",
    "rsi_14",
    "rsi_28",
    "macd_line",
    "macd_signal",
    "macd_hist",
    "bollinger_pos_20"
  ],
  "static_feature_columns": [
    "prev_eps_1",
    "prev_eps_2",
    "prev_eps_3",
    "prev_eps_4",
    "prev_eps_mean_4",
    "prev_eps_std_4",
    "prev_eps_growth_last",
    "prev_eps_yoy_change",
    "days_since_last_eps",
    "quarter_sin",
    "quarter_cos"
  ],
  "sequence_mean": [
    0.0008584106108173728,
    0.004225121811032295,
    0.01674177311360836,
    0.051691800355911255,
    0.01902397722005844,
    0.0195601899176836,
    0.006378146354109049,
    0.020138384774327278,
    0.06839129328727722,
    0.025675872340798378,
    0.00045654302812181413,
    -0.015342846512794495,
    -0.015231139026582241,
    0.01674177311360836,
    0.051691800355911255,
    0.10732175409793854,
    53.25086975097656,
    53.15458679199219,
    0.08897659182548523,
    0.08881755918264389,
    0.00015901270671747625,
    0.5560916662216187
  ],
  "sequence_std": [
    0.022580880671739578,
    0.04909277334809303,
    0.09700605273246765,
    0.18316301703453064,
    0.012361363507807255,
    0.01150298397988081,
    0.052992384880781174,
    0.09564574807882309,
    0.1873592734336853,
    0.019813086837530136,
    0.01947714388370514,
    1.0396392345428467,
    1.043860673904419,
    0.09700605273246765,
    0.18316301703453064,
    0.2969309091567993,
    16.252403259277344,
    11.585990905761719,
    0.4805057644844055,
    0.4511205554008484,
    0.14538295567035675,
    0.3204190731048584
  ],
  "static_mean": [
    0.3916693329811096,
    0.38587015867233276,
    0.376970112323761,
    0.3753769099712372,
    0.379237562417984,
    0.10890847444534302,
    0.008031224831938744,
    0.02329549752175808,
    111.71125030517578,
    0.1363326460123062,
    0.0061349691823124886
  ],
  "static_std": [
    0.5257200002670288,
    0.5229725241661072,
    0.5138764381408691,
    0.5102592706680298,
    0.4829177260398865,
    0.14921356737613678,
    0.3111928701400757,
    0.30093488097190857,
    53.594600677490234,
    0.6494369506835938,
    0.748073935508728
  ]
}